[{"name":"Bread","type":0,"cost":20,"isStackable":true,"amount":0,"level":1,"quality":4,"id":0,"healthRegen":15,"damage":[0,0],"maxDurability":0,"currentDurability":0},{"name":"Trusty Dagger","type":1,"cost":100,"isStackable":false,"amount":0,"level":1,"quality":2,"id":1,"healthRegen":0,"damage":[12,18],"maxDurability":50,"currentDurability":0},{"name":"Apple","type":0,"cost":10,"isStackable":true,"amount":0,"level":1,"quality":1,"id":2,"healthRegen":5,"damage":[0,0],"maxDurability":0,"currentDurability":0},{"name":"Cornish Pasty","type":0,"cost":35,"isStackable":true,"amount":0,"level":1,"quality":3,"id":3,"healthRegen":40,"damage":[0,0],"maxDurability":0,"currentDurability":0},{"name":"Steamed Ham","type":0,"cost":50,"isStackable":true,"amount":0,"level":1,"quality":4,"id":4,"healthRegen":60,"damage":[0,0],"maxDurability":0,"currentDurability":0},{"name":"Beans","type":0,"cost":5,"isStackable":true,"amount":0,"level":1,"quality":1,"id":5,"healthRegen":1,"damage":[0,0],"maxDurability":0,"currentDurability":0},{"name":"Cherries","type":0,"cost":7,"isStackable":true,"amount":0,"level":1,"quality":1,"id":6,"healthRegen":2,"damage":[0,0],"maxDurability":0,"currentDurability":0},{"name":"Sausage Roll","type":0,"cost":40,"isStackable":true,"amount":0,"level":2,"quality":2,"id":7,"healthRegen":30,"damage":[0,0],"maxDurability":0,"currentDurability":0},{"name":"Lamb Shank","type":0,"cost":60,"isStackable":true,"amount":0,"level":2,"quality":3,"id":8,"healthRegen":50,"damage":[0,0],"maxDurability":0,"currentDurability":0},{"name":"Fish and Chips","type":0,"cost":50,"isStackable":true,"amount":0,"level":2,"quality":3,"id":9,"healthRegen":40,"damage":[0,0],"maxDurability":0,"currentDurability":0},{"name":"Steak","type":0,"cost":75,"isStackable":true,"amount":0,"level":2,"quality":4,"id":10,"healthRegen":70,"damage":[0,0],"maxDurability":0,"currentDurability":0},{"name":"Tin of Biscuits","type":0,"cost":12,"isStackable":true,"amount":0,"level":2,"quality":1,"id":11,"healthRegen":9,"damage":[0,0],"maxDurability":0,"currentDurability":0},{"name":"Olives","type":0,"cost":10,"isStackable":true,"amount":0,"level":2,"quality":1,"id":12,"healthRegen":6,"damage":[0,0],"maxDurability":0,"currentDurability":0},{"name":"Bleach Bottle","type":0,"cost":15,"isStackable":true,"amount":0,"level":2,"quality":2,"id":13,"healthRegen":-10,"damage":[0,0],"maxDurability":0,"currentDurability":0},{"name":"Cheese Sandwich","type":0,"cost":25,"isStackable":true,"amount":0,"level":2,"quality":2,"id":14,"healthRegen":20,"damage":[0,0],"maxDurability":0,"currentDurability":0},{"name":"Full English Breakfast","type":0,"cost":100,"isStackable":true,"amount":0,"level":2,"quality":4,"id":15,"healthRegen":95,"damage":[0,0],"maxDurability":0,"currentDurability":0},{"name":"Battle Axe","type":1,"cost":200,"isStackable":false,"amount":0,"level":1,"quality":3,"id":16,"healthRegen":0,"damage":[20,30],"maxDurability":25,"currentDurability":0},{"name":"Shoddy Shank","type":1,"cost":50,"isStackable":false,"amount":0,"level":1,"quality":1,"id":17,"healthRegen":0,"damage":[9,12],"maxDurability":13,"currentDurability":0},{"name":"Club","type":1,"cost":50,"isStackable":false,"amount":0,"level":1,"quality":1,"id":18,"healthRegen":0,"damage":[7,9],"maxDurability":25,"currentDurability":0},{"name":"Lance","type":1,"cost":175,"isStackable":false,"amount":0,"level":1,"quality":2,"id":19,"healthRegen":0,"damage":[10,30],"maxDurability":33,"currentDurability":0},{"name":"Katana","type":1,"cost":300,"isStackable":false,"amount":0,"level":1,"quality":4,"id":20,"healthRegen":0,"damage":[25,45],"maxDurability":50,"currentDurability":0},{"name":"Aluminium Mallet","type":1,"cost":250,"isStackable":false,"amount":0,"level":1,"quality":3,"id":21,"healthRegen":0,"damage":[30,40],"maxDurability":17,"currentDurability":0},{"name":"Iron Cutlass","type":1,"cost":150,"isStackable":false,"amount":0,"level":1,"quality":2,"id":22,"healthRegen":0,"damage":[16,25],"maxDurability":50,"currentDurability":0},{"name":"Ruby Spear","type":1,"cost":400,"isStackable":false,"amount":0,"level":1,"quality":4,"id":23,"healthRegen":0,"damage":[35,60],"maxDurability":33,"currentDurability":0},{"name":"Mace","type":1,"cost":250,"isStackable":false,"amount":0,"level":1,"quality":3,"id":24,"healthRegen":0,"damage":[25,45],"maxDurability":25,"currentDurability":0},{"name":"Magnesium Knife","type":1,"cost":100,"isStackable":false,"amount":0,"level":2,"quality":2,"id":25,"healthRegen":0,"damage":[13,20],"maxDurability":33,"currentDurability":0},{"name":"Broadsword","type":1,"cost":150,"isStackable":false,"amount":0,"level":2,"quality":2,"id":26,"healthRegen":0,"damage":[17,26],"maxDurability":33,"currentDurability":0},{"name":"Stiletto Knife","type":1,"cost":75,"isStackable":false,"amount":0,"level":2,"quality":1,"id":27,"healthRegen":0,"damage":[10,16],"maxDurability":25,"currentDurability":0},{"name":"Steel Axe","type":1,"cost":300,"isStackable":false,"amount":0,"level":2,"quality":3,"id":28,"healthRegen":0,"damage":[30,50],"maxDurability":25,"currentDurability":0},{"name":"Silver Sabre","type":1,"cost":450,"isStackable":false,"amount":0,"level":2,"quality":4,"id":29,"healthRegen":0,"damage":[40,60],"maxDurability":50,"currentDurability":0},{"name":"Throwing Knife","type":1,"cost":40,"isStackable":false,"amount":0,"level":2,"quality":0,"id":30,"healthRegen":0,"damage":[0,60],"maxDurability":1,"currentDurability":0},{"name":"Titanium Axe","type":1,"cost":700,"isStackable":false,"amount":0,"level":2,"quality":4,"id":31,"healthRegen":0,"damage":[60,70],"maxDurability":40,"currentDurability":0}]